{
  "depth": 4,
  "learning_rate": 0.08696451105631699,
  "l2_leaf_reg": 4.529186363731318,
  "bagging_temperature": 0.0007787658410143285,
  "random_strength": 4.961057796456089,
  "loss_function": "Logloss",
  "eval_metric": "AUC",
  "class_weights": [
    1.0,
    3.5834896810506565
  ],
  "random_seed": 42,
  "verbose": false
}